ID,price
0,23342.443222925864
1,14869.967916032325
2,36885.984810711634
3,39426.57326156945
4,20913.1199939827
5,17475.03087579424
6,41221.16938556418
7,28122.91953068574
8,26895.64138501462
9,20407.254068297014
10,17361.078591372127
11,24758.220907241834
12,20747.235810090442
13,26433.34365077518
14,25581.293256111265
15,21730.490020627974
16,16274.58666167532
17,24070.710714614394
18,26944.11374833464
19,9696.702972402785
20,25665.41980892296
21,49635.222714587384
22,24199.220704453368
23,20729.13298910592
24,9324.63561136245
25,15704.616637196365
26,33996.655414390094
27,15587.62053249689
28,39545.073732767334
29,49312.762934756254
30,28167.555000544562
31,14959.89384522815
32,24107.143916817695
33,34947.97631577778
34,48166.55047276543
35,19569.75723679374
36,35061.14859626069
37,24286.65544842753
38,25120.326501978645
39,12616.178076829463
40,21075.289021057048
41,17986.10838074784
42,22827.09743292343
43,11805.191295844907
44,12694.108569236498
45,-195.00033865058867
46,6354.128014393897
47,12029.632751675355
48,13264.953972401494
49,41788.9402951881
50,13355.772555344616
51,46854.52963671248
52,24871.089386254134
53,50915.803286646464
54,53694.37624813648
55,15150.790303287324
56,23105.52492523991
57,39527.66946510303
58,27581.927454196106
59,26841.71783370085
60,19978.82823263196
61,20797.445540462053
62,21097.78897924265
63,41307.52800860563
64,47373.23009558368
65,15464.441148231774
66,20015.084521329958
67,22419.259076427497
68,15680.270278482421
69,12618.183548849249
70,22447.847486359286
71,15599.728372087182
72,24955.647425475785
73,22419.556227700592
74,13925.63911084778
75,18219.87018220536
76,13772.674591955232
77,24593.55245587587
78,19259.25176096809
79,44347.622977307634
80,45153.006071648466
81,32275.876859414366
82,13232.739831177234
83,18294.428700870012
84,13555.592858746917
85,21414.936853513573
86,51040.9995457066
87,20254.299806645904
88,24576.354321045517
89,27742.475187331358
90,20435.0782314277
91,24575.338131645276
92,13996.10623100181
93,24568.236037750867
94,17102.4657263544
95,30838.14905414334
96,21489.712642039565
97,22288.030541135075
98,87418.06567258424
99,13862.822094652598
100,19812.989545863853
101,49722.71816969266
102,20954.166323255133
103,22450.880646879123
104,28487.62652030967
105,23473.04577543393
106,63733.35568995401
107,22220.248473118783
108,24759.20968507458
109,8880.644973170336
110,39845.02129765042
111,16710.24619013372
112,20455.440040530935
113,32388.967203979046
114,20891.2447255989
115,29041.596250523522
116,31795.79904039045
117,26457.411179454437
118,30402.82368912396
119,16607.435725480227
120,23564.530361557867
121,24823.585717799382
122,24523.44337045442
123,13783.478606102419
124,25685.977426056124
125,23855.192152760483
126,17171.139971035533
127,32430.51008663632
128,24576.682978558194
129,39874.02724014136
130,16553.10234695213
131,21250.02565622469
132,26227.977609721784
133,26806.715714724556
134,15921.122429348074
135,7367.56183729853
136,14780.046963269811
137,17248.894867487397
138,22247.174950118148
139,29305.28488046122
140,22271.40305563699
141,22854.590396046264
142,13572.304539475486
143,13865.322783112399
144,22855.981249516815
145,14699.991919231376
146,24944.72977847012
147,35017.72750408305
148,22910.917356881793
149,24017.441838858926
150,50698.43971754072
151,26721.89714119993
152,21538.27898045058
153,19985.84230388385
154,20496.08517961763
155,17443.082877146226
156,11490.338792445264
157,30315.722141103466
158,31446.56722046235
159,34788.77223688591
160,11380.493557519676
161,24614.908544900056
162,20129.55915469691
163,16035.943688392343
164,26999.881374804412
165,26532.009977618476
166,9473.11025309225
167,14153.781324449385
168,30123.939034459854
169,26887.775400486342
170,20519.739046474908
171,26233.681518525336
172,25281.04458105932
173,26709.483467303296
174,11765.333462293227
175,16357.43726683193
176,27235.01596682838
177,24192.939611714562
178,22513.640701503686
179,9554.299929403209
180,15870.06417439488
181,9866.330845637833
182,48826.80154531999
183,8521.42455527274
184,22329.671047966942
185,22692.932253140785
186,26799.34643696611
187,17242.1957372097
188,24102.321797305893
189,22363.625530939822
190,34144.17373546782
191,26468.19246108528
192,36163.956816513295
193,36914.79763710875
194,12161.873684341617
195,48208.19732603394
196,17758.00262261119
197,9630.198869200489
198,17154.941214498263
199,1706.8282866927584
200,33628.86392042904
201,38431.239010056684
202,20092.012879966882
203,19846.449863095302
204,28092.359408634096
205,24470.077698320893
206,20697.773473360576
207,49859.862717961616
208,22555.499439587413
209,10496.066002955184
210,26518.54468771915
211,24218.71366461261
212,23888.674804582035
213,38562.78902413229
214,15909.126940896216
215,28383.66010156768
216,21537.006807108053
217,20130.609881282384
218,25630.806316373084
219,32141.115934919253
220,26452.76787757404
221,26184.101627042655
222,20553.210252857614
223,17006.442818616342
224,17055.80183833526
225,51965.74964499964
226,19344.373081821737
227,27748.443865274465
228,20875.902691121508
229,15824.92725469578
230,27764.604061217047
231,30740.660383514318
232,22460.551536689112
233,14261.125386086493
234,30314.499826683146
235,16463.496856618236
236,20090.95206689542
237,20073.04697632359
238,110653.3872791252
239,24210.83322009268
240,19591.578446492975
241,39125.643275130955
242,19360.40601549651
243,38429.762986539004
244,24464.527616090592
245,20289.62531282331
246,16385.727302137613
247,52109.811112468786
248,24510.81371334382
249,17188.314986280373
250,26105.797008760925
251,26266.978310965187
252,40070.46732357326
253,14965.293245705374
254,40026.33763274746
255,38795.59106906672
256,18889.125142514098
257,49803.001775102806
258,27723.50879558245
259,18416.51766044366
260,24358.962035330544
261,24056.980824318245
262,14485.773706254595
263,17544.00015526444
264,40118.56968497028
265,28363.097040913264
266,20550.344755999067
267,12872.79799930577
268,20320.748755343768
269,25625.76684804645
270,19687.886757195014
271,28323.712375080147
272,19680.557157245777
273,20834.159725268815
274,5706.240891376492
275,13027.527610646328
276,26004.811057082356
277,24291.93383337588
278,11555.699025051508
279,26105.67888073226
280,25438.629416581673
281,48047.69211005769
282,23232.900420776063
283,16205.636882215491
284,17943.8186002055
285,17345.806610576426
286,26787.522482524015
287,24469.73879520964
288,22208.125247567703
289,24812.6708925598
290,12998.919457580547
291,40271.70044562787
292,27139.53339695852
293,29678.192151560004
294,20685.08158947317
295,26497.966230988277
296,23775.71034177666
297,53245.70043447845
298,21852.17612662082
299,40019.87879183669
300,11168.262669592525
301,20804.930958210512
302,19029.589546798088
303,27092.198241322276
304,29970.680905505724
305,30100.738219945
306,25726.517280187225
307,30632.68184771815
308,19595.45548315141
309,30056.486595073548
310,27766.720334045727
311,18468.159530292745
312,25961.85308897106
313,38600.0751763081
314,24609.128277979384
315,18799.790438024338
316,12186.079030351946
317,27685.208248405324
318,19932.852465911725
319,33011.602134756045
320,27845.92337014426
321,10978.92840187022
322,29743.039681613558
323,14450.984181943399
324,24058.21153502423
325,17941.95097096582
326,62776.7727588611
327,20899.75145178367
328,19342.997738398266
329,13959.92888927306
330,25175.4643968461
331,25988.78732437522
332,40283.1158456577
333,24220.070827518775
334,31243.26020600303
335,24816.344173661964
336,54806.32724040152
337,47951.87740954307
338,19754.726559968964
339,18836.14710820543
340,27591.78456595377
341,15373.321625028224
342,19592.90177663693
343,30289.221446239873
344,21507.27823500116
345,19671.38499888047
346,35589.89627223116
347,23881.625031257383
348,11296.945435914025
349,30128.088852041557
350,56453.84646167094
351,20124.77097911723
352,40800.494707563674
353,24971.613464846836
354,35782.27212457016
355,13544.20598411154
356,70613.57101888867
357,23463.29157581894
358,18527.33441584508
359,23872.14942106791
360,31130.32412934084
361,14891.600411959545
362,53686.025512941516
363,68007.43601146786
364,19373.421582333394
365,27135.21418567119
366,19434.974250688556
367,28469.43100853674
368,17412.794591396014
369,28802.03684318536
370,17516.970851827853
371,26490.419880998175
372,12473.306241328328
373,8870.632514226996
374,18890.307872932797
375,21920.09222872315
376,29927.426226570657
377,21252.537337703252
378,20219.921481922134
379,26608.12925599166
380,24566.805308659936
381,24545.377617223603
382,35761.198007699764
383,27184.50828185276
384,24957.489286091364
385,36732.983738658455
386,27562.643340190378
387,19604.138064565253
388,24559.75474804396
389,26959.862156942843
390,21551.393059108945
391,20251.51698066198
392,47305.6503545398
393,45170.57187546967
394,9734.940367740186
395,54135.41845279155
396,25304.058369318696
397,25148.27585099134
398,30054.78060390311
399,22945.303508637655
400,22908.40605784053
401,20046.0292652962
402,20792.31783208887
403,25188.249189895116
404,14541.17094690647
405,12145.541271040602
406,10137.006116883204
407,23917.144705973096
408,63305.537649112666
409,22864.70217553242
410,29025.727783308077
411,29295.640339285244
412,20182.10185855678
413,37408.523331075965
414,36289.439745450974
415,24347.56884484755
416,28322.98393170749
417,35335.71126304134
418,30614.918939724343
419,25392.499213630817
420,24991.230656521257
421,50657.27123838463
422,12356.688008576293
423,23634.6971630127
424,24649.73652273652
425,26848.83165385986
426,17414.367233837293
427,23732.079475964463
428,26254.500458395105
429,25837.62554239038
430,45734.00989977707
431,24229.029480552115
432,26698.337077582357
433,17636.55591878393
434,29363.7678038902
435,9947.42692380941
436,24678.694283056226
437,15731.501923421663
438,14646.691323632043
439,40323.29154606861
440,11278.213741128431
441,16394.32409960601
442,24218.150613649308
443,12896.141449282088
444,26689.891784345462
445,84563.20055205168
446,18355.509943901343
447,16617.455457046242
448,15036.581989542823
449,25961.56954979726
450,16356.181160212147
451,10452.325963873725
452,31519.09692175949
453,14827.24616489982
454,28422.020869578395
455,38874.634231369266
456,34997.03248936057
457,26647.916223302018
458,14602.925253443935
459,13964.107724636506
460,20079.078223155226
461,50394.77100956367
462,19185.86103486821
463,24557.837831996592
464,24675.749650488087
465,35704.919912648365
466,29454.29805913272
467,24882.132290858128
468,29465.70860643685
469,19766.45246635969
470,17986.987527451874
471,15405.974642981262
472,16854.561658966428
473,25010.033822827325
474,20312.12632590529
475,14733.255790662122
476,19395.34137257842
477,40903.93708290819
478,26397.48613705247
479,15611.68221775449
480,15930.29859702076
481,55583.5619950648
482,50737.42369059523
483,23222.708734909953
484,40905.899959932605
485,24603.375441180822
486,24560.487276170355
487,25691.010110379157
488,65234.00111720791
489,11166.240007122284
490,29191.759672272932
491,21743.613396296158
492,17183.62520403874
493,21783.575220140254
494,9908.920826582242
495,18569.14153281721
496,38016.30620732622
497,84976.95585753961
498,21227.674771935028
499,25454.216204641074
500,5565.782594895565
501,29410.30669049835
502,18380.29156630026
503,39652.385881127324
504,29660.761636130395
505,24604.09430336971
506,16918.900868067976
507,12716.549504353263
508,14927.047451342009
509,30255.324702763945
510,27641.172169328158
511,26379.612028902964
512,19591.669992619878
513,38170.47588163839
514,40281.72643821241
515,50195.28183362775
516,35975.68552641418
517,24016.275316314135
518,13644.976285102715
519,7275.927589425763
520,26616.70908101732
521,17503.13913941829
522,39741.377803864205
523,19090.121338837867
524,23955.357615537454
525,25540.39319241661
526,22782.89538460497
527,33666.034926836655
528,75952.6445988521
529,50332.49318202277
530,19100.734145471757
531,26533.39795246694
532,21102.46818155032
533,27213.171472220623
534,28194.7984022531
535,13419.769341160634
536,14788.664218325403
537,27162.692148699938
538,15791.031707656966
539,24144.051756570712
540,22715.841778351733
541,22004.57257391925
542,20299.020790430222
543,28465.220698061858
544,16865.666624715785
545,20567.62869252647
546,32939.873136069946
547,46543.48848428334
548,25539.49213644576
549,36034.87178950084
550,11188.421449777554
551,24691.682502214215
552,56453.84646167094
553,45893.56148357253
554,30999.16088459134
555,32821.420176199375
556,24340.402778144264
557,17736.25001414412
558,17380.083591385224
559,46434.48642094065
560,21001.407596255223
561,28830.778616641375
562,38502.57838532454
563,26217.729676870185
564,22162.445272505127
565,14700.878866284405
566,15951.598921756811
567,20469.75520235835
568,24842.543534021483
569,20200.601670553468
570,10645.015474559808
571,30710.32573419504
572,19849.510603078834
573,19733.39100466665
574,19288.52188840082
575,30730.33851933089
576,45936.71511535262
577,67674.68680418252
578,21474.65007271037
579,12883.539730163646
580,28023.498070700603
581,24400.971310328117
582,29451.740183644153
583,29097.840003981422
584,20783.51532558207
585,26708.283562276447
586,22395.6964242707
587,52728.16838863754
588,25185.310221034913
589,24856.72032431205
590,28827.268248771194
591,11996.558334845044
592,15902.440618016648
593,16599.61333141847
594,25244.801849695446
595,28147.329527055816
596,24991.966423762293
597,22273.921620316512
598,36768.277159478275
599,29993.084538833387
600,19129.59147255394
601,20123.29646330204
602,18539.623928700872
603,16764.924009669605
604,25645.47399354024
605,18420.13605655698
606,16981.947924287764
607,17935.05318663489
608,9487.230380789351
609,16189.085467275063
610,24881.11219317533
611,31652.481242368798
612,39367.91662125991
613,7037.256682224815
614,20799.89491079602
615,27580.058477036946
616,28212.705397577192
617,8544.85484034297
618,27619.415955143686
619,19071.215246271982
620,23550.656692771914
621,32426.287837615942
622,15495.278244988567
623,29726.373542784575
624,16609.958505023613
625,20356.61324013234
626,15261.4583983146
627,23227.19277505662
628,20707.61028457859
629,19877.895700550514
630,25220.0554680276
631,36819.973880637524
632,23911.47326978579
633,14857.801501891585
634,24470.104860094732
635,22651.362841917195
636,21706.015389726905
637,26321.329448213277
638,34422.34629875743
639,18674.800248341548
640,25412.611616845224
641,42765.902635873135
642,28681.336453672622
643,31887.982877879407
644,46665.12186484512
645,51106.65397387458
646,7696.052730634714
647,28094.813358265805
648,24854.151529026018
649,17219.63065902485
650,13819.181960748494
651,26023.919404719447
652,31768.266668755863
653,19937.263165424483
654,22476.37142295701
655,31364.394006382718
656,28033.753859322445
657,24557.180839525376
658,20954.166323255133
659,21999.48476482458
660,20215.738778380128
661,18521.820117656694
662,17469.339975015602
663,8708.936676752663
664,17641.333248198167
665,28308.621095454073
666,30659.829639163374
667,28281.641196194647
668,48060.90064964279
669,12620.262361930105
670,30197.676675224688
671,23183.40581664705
672,16621.014636007574
673,27116.29607950332
674,16146.06788806522
675,11893.150037020092
676,16470.97749318047
677,13465.271614236228
678,11882.751581298537
679,53617.85723094077
680,21567.009531572716
681,39015.227651052235
682,12573.505331694427
683,19573.444044106032
684,26885.307596969047
685,64789.614121388426
686,21088.60227192094
687,49863.41944715145
688,38204.6731636154
689,24327.849284247306
690,27388.823232170012
691,39131.0778175411
692,20045.508856895874
693,32376.477735628796
694,17104.18977346085
695,18289.988529987735
696,24448.291286153548
697,31318.647755131806
698,25243.020287743224
699,7773.529928337826
700,13004.22243429053
701,22829.385503337653
702,25537.685342814784
703,15759.734131422103
704,23063.739876637235
705,18392.890393822927
706,8652.533242597277
707,20519.31445127031
708,24415.788368750662
709,38098.40217676673
710,29816.960534851823
711,21741.41955761457
712,16946.475061757297
713,16728.204875461277
714,39597.80361118239
715,24154.743103486497
716,51049.5865743673
717,20276.986553277322
718,10054.776265417018
719,16975.992071778117
720,15927.47583931103
721,29402.439953817757
722,22522.34496352468
723,26800.038781098585
724,17331.677879857347
725,16155.213402592337
726,27624.28056663687
727,20514.573997939096
728,15275.279770535788
729,37307.50797007179
730,21897.143944769374
731,18291.980496757067
732,26620.689997406582
733,12195.094122371156
734,3802.594986699918
735,19142.525259402963
736,24192.939611714562
737,22370.330866759585
738,19656.62248562185
739,26027.770576055344
740,12645.666175125556
741,31351.66289205707
742,46044.4920393409
743,14077.15762219638
744,39480.42503411126
745,24691.609044647535
746,20205.3855056078
747,20236.70074550742
748,19408.219041120537
749,38375.78566660769
750,16641.582809033036
751,22417.295908363143
752,24699.303387168653
753,13803.560673020238
754,11428.648058812032
755,24879.010536394315
756,24534.829583945015
757,22587.110366856334
758,35741.51079707055
759,17216.526718575755
760,19442.98908127252
761,26744.011799261225
762,22568.06493469853
763,9969.605147583923
764,17423.52342008056
765,30439.433516702873
766,24604.95702941993
767,19678.410421296892
768,15811.419517317125
769,30402.653587607485
770,28307.02413294681
771,17123.785842424477
772,17763.36045176639
773,19577.311492728528
774,24654.448466831822
775,11175.638761300695
776,22101.950072632742
777,35014.850823132445
778,21149.602192044484
779,25404.849004394626
780,22155.9781391891
781,26387.274834879856
782,63268.35702108244
783,45632.15338560858
784,29673.07613968308
785,18912.604542670422
786,14840.035535546473
787,22338.74970159011
788,23739.846728119257
789,17699.89307490134
790,25111.25540684102
791,23148.748968034317
792,14759.675317803038
793,9878.226674538797
794,20549.722873205286
795,16665.497388782325
796,16840.583160627095
797,29288.956237076396
798,27684.426030993887
799,39740.86338866014
800,23215.69661728672
801,26184.92615995699
802,34212.444675874205
803,14927.041986342634
804,13592.759599782543
805,16463.697540642646
806,21462.092589971457
807,24205.769800681668
808,19844.586341401762
809,29912.307113962746
810,52183.80728727669
811,24741.846861724953
812,19215.698594841095
813,25279.996765269767
814,12668.710909982357
815,24356.854234086346
816,24484.618390438744
817,16136.918299386249
818,17881.131286925287
819,31749.353000646493
820,17242.25652039522
821,73775.87271683551
822,30096.93237789823
823,28573.429940902177
824,37963.6970153506
825,50046.74573976519
826,24584.91258860659
827,18602.440027199456
828,28266.788277394164
829,16887.783358455927
830,21211.865377575377
831,22458.24623934825
832,16404.532792161754
833,22024.300659765053
834,30149.160625499942
835,29615.877274290182
836,17527.2300607597
837,24482.498083777977
838,28777.39774986508
839,10157.351538113144
840,13901.578865061641
841,22327.521926474084
842,26099.316795470804
843,28114.579394050576
844,18807.592416965894
845,25121.916454419596
846,39742.319779936195
847,17621.63997989225
848,18158.40445452602
849,24541.25012102947
850,18674.39651559909
851,28303.29339735416
852,38660.315407168746
853,28562.562258722068
854,17814.883497868075
855,20421.30383921203
856,17845.12389697542
857,26375.29894850003
858,56507.81537852841
859,27235.773855419397
860,18452.901980497674
861,46190.347254204185
862,27451.12100507231
863,31367.908976839106
864,31503.648308938566
865,35351.93662348943
866,20483.542304836283
867,49790.44926996737
868,30380.258778521882
869,11000.955899601646
870,14898.134106384292
871,31949.547496480573
872,27295.248227830212
873,63860.49943493563
874,16942.582354409766
875,36322.200365843855
876,24947.005339767293
877,30450.06760462164
878,4821.738380038943
879,30032.41956527834
880,19734.20569775763
881,13530.331997669673
882,2947.7729793393773
883,31639.366065333466
884,10160.029630755638
885,26777.602610104168
886,38154.08267228375
887,26990.386953911842
888,19444.034593331467
889,18029.703249444385
890,46449.620873632215
891,32827.35986781319
892,24016.404514701884
893,21757.60995898323
894,25011.753096479122
895,2723.317136594833
896,24629.829540314226
897,18846.85023459682
898,31532.57594780819
899,41872.52647215924
900,20902.299435513618
901,20460.182256526656
902,28769.50074938306
903,34737.59116163138
904,16427.616786926574
905,15479.468472018772
906,21419.929447182858
907,20475.178495423334
908,19342.560927203427
909,28655.15055037712
910,29874.842373817344
911,21233.03760766331
912,12503.429000518667
913,16468.997188453
914,54011.595272947015
915,27056.479280390628
916,9476.838388375207
917,41535.60034822629
918,5559.32371467433
919,26061.62347712188
920,42271.904474051225
921,24159.093029817508
922,21962.81875868655
923,22780.18575051573
924,38365.77266031875
925,21284.912083431565
926,24226.956780588393
927,25999.99026553726
928,14124.312793327706
929,20033.21252068617
930,25125.30666074692
931,15131.277388830807
932,17547.52668095391
933,117844.59204575744
934,22588.07311397216
935,27949.110656327965
936,19466.480337586287
937,20126.757969561615
938,20377.942364479844
939,22224.398168102405
940,21664.118702407628
941,20997.949467841885
942,68195.27178612225
943,23005.57261173076
944,27737.830197196756
945,27816.891594341498
946,28513.710208144847
947,22688.856377553682
948,37758.89083495841
949,20684.447044454657
950,35138.6491762476
951,12383.537032040094
952,16604.65369510692
953,22341.7487621183
954,37764.71065143368
955,29215.521855150324
956,8922.822212240779
957,15574.09483922346
958,20372.558059768413
959,24597.05244042125
960,21929.051141779702
961,28114.710574378965
962,17390.98554205633
963,13121.056645752073
964,19484.789912239954
965,73044.31707705453
966,21711.16991442978
967,9647.048371910041
968,22663.27996028201
969,26488.69167123767
970,36262.65557929543
971,9891.01168539887
972,14680.044242426224
973,23258.086837391653
974,26492.089337207857
975,24430.90801570678
976,20676.29186096572
977,28159.882356456204
978,24544.978316717657
979,21418.7609846203
980,34392.32151213524
981,25151.697968097782
982,23768.121211710262
983,11589.808188128005
984,11421.141890802068
985,26309.323177725106
986,26346.583185835527
987,15086.534038512567
988,35090.46422710635
989,18440.840686307733
990,23216.92331183342
991,29301.805212138242
992,19891.515853253062
993,12894.005700296786
994,23183.31929009094
995,18588.53765255742
996,14994.446231410546
997,28064.47515363231
998,40116.45198647569
999,31919.15581721365
1000,18808.016799947036
1001,19751.073844052404
1002,32734.09102332608
1003,18102.71888914491
1004,7997.139903616811
1005,20436.917037487834
1006,20943.31144220632
1007,34145.369079929864
1008,22652.170831254345
1009,24390.56357241925
1010,27523.125066667955
1011,20775.262144932592
1012,22582.884051160494
1013,25628.99190830593
1014,50474.46180008173
1015,7161.529425942281
1016,23738.84833993602
1017,20671.775803236338
1018,19941.661243267798
1019,32871.29823065184
1020,33942.096871316746
1021,53040.11065180559
1022,8536.736106672375
1023,37193.84676377996
1024,20623.49532884515
1025,45855.92910961692
1026,48164.22461393648
1027,13290.33798864342
1028,15114.63240712583
1029,28181.445188740287
1030,24819.426590594896
1031,20621.824564546063
1032,27404.87229980729
1033,29235.630196512695
1034,24429.150544242228
1035,47558.25577565188
1036,24515.157104708407
1037,31043.847919635973
1038,41259.86011262721
1039,32030.45453511588
1040,15635.73432462541
1041,10473.244222871701
1042,25057.588285173915
1043,45789.39701259671
1044,25983.002896616585
1045,19161.793634897236
1046,16280.98162040029
1047,26904.16243224858
1048,27287.748378056218
1049,24099.369057542062
1050,10190.423521006946
1051,19716.871454205502
1052,50750.089203664334
1053,24585.139563164943
1054,17598.827940996256
1055,19881.773901262728
1056,36760.59317121586
1057,23286.939078451265
1058,14771.012395679374
1059,36074.76109499972
1060,30158.69736887711
1061,12282.192824261867
1062,70342.1206623446
1063,18361.30533535491
1064,19919.483472859385
1065,29236.100178553097
1066,28466.40380932898
1067,40829.05786897373
1068,17643.90189455492
1069,27417.981318465845
1070,21662.197475387962
1071,27433.943280793734
1072,33257.530165456716
1073,21373.261354165566
1074,11750.218196322865
1075,14807.749033164644
1076,19559.68375113452
1077,20429.264988700023
1078,22646.014350014113
1079,19293.086181275605
1080,19908.17922795446
1081,26368.553257111944
1082,11679.82981678876
1083,22714.06345865924
1084,35487.165064139335
1085,16646.143832680333
1086,467.10145112177634
1087,32200.812911900954
1088,22338.865572391758
1089,19466.718402236238
1090,16251.966000308017
1091,19817.015088591008
1092,37248.368130431096
1093,21005.998694258433
1094,23825.02900088645
1095,20202.386017401564
1096,17172.15877815465
1097,18603.75185922941
1098,23611.06920920425
1099,64505.133129033886
1100,23029.671364658418
1101,13078.751874593641
1102,24684.064542890846
1103,26058.78921201979
1104,44799.50641058451
1105,22783.773603516085
1106,25012.734108527842
1107,31764.624338319652
1108,17295.143779792914
1109,19011.143022196913
1110,20892.729086610067
1111,18077.933073109532
1112,15906.181805353266
1113,75680.13755841876
1114,46438.174069537316
1115,27741.037014202608
1116,28063.805285714276
1117,25028.386028540666
1118,36429.66984225902
1119,32571.876306570637
1120,22251.0061281071
1121,13586.178403208536
1122,25861.159498342124
1123,17821.783880701114
1124,23109.374683926246
1125,25108.578370224757
1126,22946.524714994222
1127,23034.63026151528
1128,22040.43240048066
1129,15326.08438648337
1130,12039.003053400265
1131,14028.836868245995
1132,16735.883030519435
1133,27439.960629973433
1134,19325.681408702534
1135,38981.65650894179
1136,30035.163532286446
1137,30682.100906242118
1138,16127.16738824389
1139,9918.353967023024
1140,20705.09304726209
1141,43242.93566088683
1142,13621.31490856921
1143,21981.162052909698
1144,16960.872252149846
1145,19364.922986150006
1146,13772.560500636904
1147,30838.68345946154
1148,17936.633794339145
1149,27575.91392229327
1150,40485.164890279775
1151,24706.689585709617
1152,14290.544378290086
1153,15531.429688370867
1154,27631.627670030226
1155,29761.51956906558
1156,17079.10107370118
1157,17424.53729678569
1158,22205.812312231603
1159,25560.823203875523
1160,22550.447761425807
1161,36126.66732864604
1162,12573.411058253545
1163,14399.388094675594
1164,18214.850741428185
1165,27257.580904077262
1166,30670.562688308677
1167,28553.49600995014
1168,24389.573860057593
1169,32118.69058510071
1170,19890.691048465244
1171,25603.37273288775
1172,14935.760214252332
1173,11593.457199077882
1174,28766.52775981788
1175,29294.89431962354
1176,12293.452655347233
1177,20390.449990439392
1178,29765.620513349917
1179,13606.869964359732
1180,14870.175031609513
1181,25153.58069777292
1182,39457.27519622288
1183,24044.968599307267
1184,22815.784475776527
1185,25534.908933490897
1186,11008.354406757611
1187,30491.110250652706
1188,28661.754710182377
1189,23347.487032413752
1190,20934.433497342776
1191,22221.977012556647
1192,25412.769288680003
1193,12963.508786126951
1194,23048.860328767933
1195,14887.532388744745
1196,26583.516455597608
1197,11945.622229545304
1198,15146.688886424197
1199,15662.210733723223
1200,11416.559528895195
1201,21588.505483575947
1202,16173.035484753302
1203,39130.28530839935
1204,61378.526805486195
1205,24192.939611714562
1206,27076.004782948756
1207,27837.20107487057
1208,36096.0722299518
1209,36268.509997837464
1210,24059.63086470327
1211,27647.663358242342
1212,14836.865650378546
1213,26064.93756180822
1214,34050.70537179703
1215,28541.79897933266
1216,19290.487459800665
1217,14010.703053374225
1218,12614.167983635998
1219,25267.86864826362
1220,30680.659315716355
1221,24184.144752363907
1222,36790.83964180692
1223,26452.37922125192
1224,74741.46031020411
1225,22718.547653556336
1226,28522.390876741665
1227,50629.37815496716
1228,24344.591124656556
1229,15549.67762957595
1230,18964.475392377877
1231,17409.992986971727
1232,26676.318197491128
1233,22519.024002413214
1234,26711.577909652722
1235,29480.3076265528
1236,31939.307111177663
1237,13092.289697905902
1238,14981.264353596947
1239,17058.310821798466
1240,36404.635140206155
1241,15897.233016573786
1242,22016.870470164486
1243,29654.821233805138
1244,34093.29472618609
1245,29811.93256072293
1246,13953.701442661855
1247,23428.53359821246
1248,37619.82138323723
1249,27669.037345962362
1250,24208.207491253677
1251,27294.09645054816
1252,17426.662501832398
1253,22784.969473312
1254,27649.245589032656
1255,27144.256131976632
1256,23644.18048036083
1257,24524.556964087253
1258,22125.445424471895
1259,40132.0468753054
1260,22204.48394008116
1261,21533.853424011308
1262,24319.858952988965
1263,13145.463887711432
1264,26159.21205961974
1265,20954.667292921054
1266,20393.56208776119
1267,25656.523507688733
1268,22557.539551220885
1269,40372.222445518506
1270,29642.25452387421
1271,35082.558949010694
1272,22048.47043452817
1273,26227.24795655498
1274,22697.428411972603
1275,17899.550846068334
1276,26390.655285694273
1277,33841.83738523972
1278,20045.019568317635
1279,26930.14748624057
1280,17091.22969347991
1281,28250.881013160033
1282,15927.139774465293
1283,32506.48721638764
1284,26939.757128621113
1285,15864.822179933471
1286,24292.500142342087
1287,15592.919446170381
1288,38231.333881867504
1289,26532.009977618476
1290,16509.546620772537
1291,27142.94830168954
1292,19655.302821073266
1293,24568.23583252756
1294,20439.43783023911
1295,11769.949385562802
1296,22452.268738980754
1297,21684.836510529996
1298,18259.53532031584
1299,24620.59834258658
1300,21971.267686701165
1301,39655.98492285318
1302,22943.713981546294
1303,23288.07313374646
1304,32062.876852046542
1305,30374.867900120113
1306,49566.43300921702
1307,21732.164967027275
1308,18419.576850132384
1309,40221.2536037127
1310,25932.292264864198
1311,21004.50867498283
1312,22389.175451543095
1313,36120.44776452513
1314,19887.603760451027
1315,15269.414400648064
1316,18228.08420603179
1317,26710.976743393847
1318,24704.20822802699
1319,20796.312351186745
1320,15803.037528191251
1321,31125.908528198415
1322,30706.037660947834
1323,25809.80144846165
1324,14233.471293093593
1325,19938.089574982536
1326,26177.540333291065
1327,39926.88141279042
1328,15601.955327000414
1329,31039.287482972595
1330,39263.6484663367
1331,44899.633636292674
1332,17075.33402701423
1333,16816.05434687149
1334,29765.22009268135
1335,21277.981210013182
1336,65163.1332872269
1337,13543.214730581007
1338,28214.946423609363
1339,20318.835109845535
1340,17014.121670211047
1341,28938.837682742393
1342,22536.390357537894
1343,31513.945717501243
1344,26630.32961679621
1345,47952.965541260935
1346,24192.939611714562
1347,26127.527298566976
1348,27085.835130115993
1349,17043.229732066695
1350,29402.866894766434
1351,13304.87463165721
1352,17629.653661725883
1353,10317.037212354357
1354,27521.276721533184
1355,22046.030665673476
1356,33256.091854166116
1357,15047.980913401618
1358,17635.532455724962
1359,14733.837317311707
1360,27714.228502945727
1361,15105.206147057332
1362,15958.210234636153
1363,17472.800947197313
1364,24894.563745914893
1365,19268.825731269815
1366,25713.941259368923
1367,13244.725483213997
1368,30267.56332359645
1369,22076.084743346757
1370,14130.87820113332
1371,25866.54232113546
1372,17705.82390885906
1373,25370.934423902218
1374,31190.147318857726
1375,9463.66254768239
1376,35028.72283645143
1377,22892.02813041416
1378,21124.23496155347
1379,47223.463681323155
1380,28453.142133990008
1381,41788.9402951881
1382,17246.42767548188
1383,26925.617278248574
1384,15938.623272755092
1385,16907.90401241355
1386,35907.013845330344
1387,24593.605791571106
1388,52912.59536814426
1389,36505.485179045456
1390,21586.059900602246
1391,50932.190330181154
1392,22788.289538730336
1393,19248.355404931557
1394,15227.322312611104
1395,28998.845026143706
1396,26362.394470461517
1397,23520.640327341047
1398,21506.89500226693
1399,36930.92265135739
1400,22706.951427744032
1401,17621.157488853514
1402,27341.348608493325
1403,27915.777668460938
1404,34152.54490882048
1405,16110.071580008593
1406,17425.792517846512
1407,21259.34619033042
1408,47101.22015087516
1409,19789.474791028675
1410,19545.664902086188
1411,44189.895146469185
1412,16611.074274576928
1413,46263.42104878499
1414,26193.756381964304
1415,20575.74816745447
1416,25685.13711770022
1417,27700.494287017646
1418,45477.294310047815
1419,21736.22590293879
1420,14641.579148528897
1421,26588.103186541666
1422,35216.162490733375
1423,19041.92961948779
1424,23592.318447437043
1425,13248.125154307934
1426,39462.57364449942
1427,36455.17384805897
1428,29001.12543983126
1429,19055.636255599624
1430,29355.392381631635
1431,25039.52771356138
1432,21345.214535523737
1433,11879.427891153688
1434,16162.144324099869
1435,31736.173177149056
1436,19471.848622709902
1437,20679.43517574763
1438,26203.879518839338
1439,24751.164253658786
1440,26698.184483567973
1441,17494.95760383956
1442,26483.18399965189
1443,13623.023853290204
1444,24192.939611714562
1445,20481.35112514549
1446,19368.653078835592
1447,36772.21982474951
1448,21724.78420334233
1449,21945.110989523542
1450,21682.650594036084
1451,13709.93797048541
1452,26048.911926227927
1453,46468.135725836066
1454,17384.53368245749
1455,50537.73877093478
1456,25070.449283243575
1457,21115.67139648778
1458,24060.51578241745
1459,37630.41451171879
1460,29439.480349947276
1461,27062.658183765452
1462,20225.503369766564
1463,17765.514708167437
1464,3441.5276497796585
1465,27410.844723800452
1466,12828.504424273106
1467,27026.718486737693
1468,24483.78250137857
1469,30179.039151647714
1470,20665.19127775575
1471,35583.86491263903
1472,38226.39850262472
1473,31660.66465778362
1474,24525.533320665472
1475,14379.327427436283
1476,14013.747046553648
1477,14106.130198505794
1478,22910.409911091072
1479,30692.086565126512
1480,11366.35784142169
1481,22468.321471667794
1482,17485.593729445365
1483,17973.55925708263
1484,21752.595549956957
1485,16481.76668122453
1486,21327.12022861576
1487,13776.900377335534
1488,12913.535512141358
1489,12852.609937071895
1490,22425.754671116843
1491,29417.079516291255
1492,12795.179602397591
1493,18583.429222655195
1494,32718.904845104156
1495,13478.815805452035
1496,21197.32619611
1497,12528.645995138162
1498,13592.486366137986
1499,14497.527271367213
1500,11188.634744844088
1501,21703.359475709593
1502,20536.14741302813
1503,11858.731739560151
1504,28969.907152487613
1505,34144.17373546782
1506,16056.677934455429
1507,22224.62643908212
1508,29575.26134628593
1509,23137.798611582926
1510,21244.82349343867
1511,41093.31059880703
1512,16812.582106703983
1513,10305.82748482301
1514,24783.000284065834
1515,17553.159061310173
1516,24050.699890240285
1517,21138.80388472246
1518,18144.717999335066
1519,32778.05537352718
1520,28379.14877182308
1521,24922.618316143165
1522,28344.621597952253
1523,24523.3430097466
1524,29440.891883431672
1525,16100.71561103145
1526,25513.160532054477
1527,22403.734180403953
1528,24389.985913602126
1529,36547.12700360664
1530,19106.39388409358
1531,25565.02686522658
1532,56748.192545443206
1533,37827.75297031804
1534,9642.734093012576
1535,15761.975328626791
1536,20174.340605151985
1537,20634.645437783733
1538,30798.585252763798
1539,27235.966515399745
1540,18707.946148045077
1541,36020.237000461326
1542,36329.92692560282
1543,21906.92256652454
1544,15141.425032423565
1545,15367.237579908891
1546,20314.39289797817
1547,17331.43224387031
1548,19489.35324908013
1549,19960.586208352164
1550,18509.69218323714
1551,18396.41702138401
1552,15942.132930188998
1553,26338.737609554435
1554,14905.861405080435
1555,26239.836555280628
1556,26249.500058916354
1557,17527.891276378876
1558,9716.143543838065
1559,23972.006885291623
1560,55793.955658648956
1561,19279.254968485206
1562,9038.990905340721
1563,12572.251100616224
1564,43724.16793448872
1565,19153.11854729095
1566,25069.60584177221
1567,15660.495247583152
1568,15625.871536864543
1569,14319.026136431006
1570,39270.25103447845
1571,28208.88548629376
1572,21638.23055304051
1573,47107.58748133369
1574,31473.936288672496
1575,30031.42028266936
1576,18618.712433230245
1577,38175.917722298575
1578,25151.43904799618
1579,21860.02500711743
1580,24192.939611714562
1581,24288.331621910325
1582,40577.43703958321
1583,24227.32833011097
1584,30634.456108440838
1585,17657.49723825146
1586,-8317.602334176005
1587,12270.190957502993
1588,10314.073547856799
1589,25127.075049043866
1590,19806.108863708232
1591,14807.037352113119
1592,26832.78148641374
1593,18049.824950247086
1594,19034.89868557801
1595,10431.7909836051
1596,17717.357046649428
1597,24459.44435624394
1598,37259.98981688039
1599,18093.675805667168
1600,19228.361058927203
1601,21142.04715006802
1602,11932.461647299388
1603,91150.2849838305
1604,47189.90560987173
1605,18597.783581702868
1606,27301.897468873194
1607,53375.47637351342
1608,19709.304188330898
1609,21720.254643370594
1610,14279.94631122812
1611,26506.710761776405
1612,19019.344463325677
1613,19040.562304479638
1614,15242.507718613206
1615,12923.127040283185
1616,24426.39060908048
1617,38983.96577757614
1618,23374.606359564445
1619,26043.153411134386
1620,8634.100853797023
1621,16878.631126709122
1622,8603.573051428797
1623,20710.224479016266
1624,11927.15826805187
1625,10940.752855438594
1626,36839.544586970354
1627,24538.908057017325
1628,26006.671368083305
1629,26434.32816013629
1630,14201.162229181811
1631,24300.078454303264
1632,25460.14251406867
1633,18253.82257157455
1634,23251.281386500596
1635,26285.276219676343
1636,15934.978225218558
1637,21183.80547666721
1638,56507.81537852841
1639,23855.625547811713
1640,16653.395662065093
1641,17418.60806804306
1642,25613.07107313276
1643,19724.612149862452
1644,16010.226753610987
1645,22342.45555254519
1646,12736.822770371691
1647,30798.58850297293
1648,49646.530310352086
1649,19335.023855605545
1650,9738.041899959524
1651,22433.105193909483
1652,28282.565032153765
1653,16783.40765010935
1654,18414.78795041726
1655,22954.04671692742
1656,19979.695092054277
1657,22434.538484936755
1658,26415.179899746676
1659,19853.128367350582
1660,23268.72984881181
1661,18843.86508651982
1662,25880.33529909745
1663,18991.58902921943
1664,25423.27686034916
1665,11983.201166076544
1666,23583.832065505507
1667,35118.22348246161
1668,16195.821638174231
1669,15952.979554537691
1670,15174.930387617165
1671,27638.126992249207
1672,18458.527070281998
1673,37871.47017992941
1674,14682.323805227938
1675,20576.04819324567
1676,15203.209800042932
1677,31604.756404813434
1678,23409.692422616332
1679,20441.49190635964
1680,25743.22845834763
1681,20917.011306114146
1682,27462.6228013157
1683,20399.148534208587
1684,38032.5251809109
1685,22737.44560501245
1686,18220.67653876732
1687,15352.297932715224
1688,20163.238500422685
1689,18735.132822007
1690,25203.5334306552
1691,12798.666126174325
1692,34640.45561021095
1693,35650.75687027449
1694,14154.764248125117
1695,15389.955735095627
1696,14636.183820013743
1697,18968.780983743207
1698,25823.953187819025
1699,21502.074132700574
1700,29369.455062873396
1701,25936.693974436203
1702,55414.575395894324
1703,27681.48264423154
1704,26488.738886498453
1705,25335.25518079576
1706,22589.12365389273
1707,32430.52072189007
1708,39209.070988579304
1709,19438.939045354895
1710,21732.463104915085
1711,25486.16316802431
1712,23822.080664096695
1713,15533.943368025999
1714,15492.91258000108
1715,59550.35766814997
1716,54105.67856577018
1717,15392.963893190778
1718,31709.329237546703
1719,22001.549838784074
1720,17124.489536710775
1721,19732.9326527313
1722,36753.01776819318
1723,41090.54814528251
1724,22860.945621483486
1725,15594.512486271971
1726,18059.608189900424
1727,9351.513257161903
1728,29872.299040461465
1729,19972.440986797978
1730,20509.94845990208
1731,17594.750859155967
1732,27260.94992908008
1733,1528.8898401804508
1734,22125.832159125202
1735,27994.192982973793
1736,17627.892419562573
1737,24202.762464283463
1738,35379.646391464994
1739,35724.05381898756
1740,22038.955732898004
1741,33112.92219214206
1742,14425.489786374841
1743,27441.16046561311
1744,24052.641193266434
1745,25887.264562240474
1746,20043.161572271758
1747,22225.084784158476
1748,25408.84771640173
1749,18106.6554429803
1750,23318.16500884172
1751,10930.058215593734
1752,30536.19808913806
1753,14002.169778419382
1754,23808.714327471742
1755,9900.754826625136
1756,38175.917722298575
1757,23083.49569616941
1758,39789.282040258964
1759,22358.369939485765
1760,22499.99027438852
1761,535.196905370507
1762,27742.58458775935
1763,27336.276839271464
1764,41679.73629348329
1765,30547.18158197475
1766,2723.3490012204675
1767,20115.89285202146
1768,9062.684210122126
1769,34331.59696445431
1770,17452.685097828504
1771,18093.493316533975
1772,14313.726675437967
1773,19652.52429720822
1774,14396.806129585468
1775,24170.520508575217
1776,28138.786827554337
1777,27154.856163592398
1778,30314.673705723097
1779,23121.989835636836
1780,47656.49453924113
1781,25280.257609134103
1782,24851.050058806646
1783,31888.246239773303
1784,26905.576362744363
1785,14094.10241824659
1786,19479.496802706715
1787,20047.91568809236
1788,24945.764976181108
1789,13385.132349924854
1790,40262.33422028618
1791,72536.45336203769
1792,26192.680677882567
1793,21933.73829600236
1794,24107.50959940634
1795,13206.870624987216
1796,16018.47249740372
1797,15680.312210038526
1798,18062.86834825189
1799,48903.48898296367
1800,24616.75761441449
1801,20180.33080659589
1802,16426.34495021513
1803,11869.055980109562
1804,41703.47955595434
1805,14592.964562736222
1806,29741.846403992327
1807,25553.59104174016
1808,20129.28063613356
1809,25151.726445502245
1810,28540.131088972135
1811,28574.70162725428
1812,47563.3670906873
1813,27536.800174390373
1814,43724.16793448872
1815,35454.03403712624
1816,21527.091480019742
1817,49155.945428305524
1818,20842.13080558504
1819,17158.21096423875
1820,21151.706602434773
1821,15294.633793531555
1822,72187.66718097733
1823,18637.22919544771
1824,21531.69568200814
1825,15489.22012832963
1826,37367.53538176113
1827,27768.143054758046
1828,18719.434770888296
1829,26831.08771957227
1830,23582.59527143428
1831,31172.111569191737
1832,35793.45953514265
1833,24551.513848772353
1834,30805.54022485341
1835,20911.194776821074
1836,28625.916634104484
1837,21735.083713576787
1838,59409.61857250655
1839,30080.95525442388
1840,22559.68437350767
1841,29696.7913098297
1842,28188.90657318628
1843,15634.686127875571
1844,25569.09974899036
1845,18688.21725520867
1846,37421.20856186378
1847,22450.50440348199
1848,35095.145596476985
1849,27812.18311407813
1850,28616.83311364248
1851,15393.207917321502
1852,21101.950142740843
1853,20623.567978145504
1854,21531.669682479805
1855,22144.103675159695
1856,23417.600241526874
1857,22529.01671938761
1858,22979.580843823525
1859,9855.259827473878
1860,28409.819182614363
1861,26802.0632258538
1862,18959.8568277506
1863,15582.885223686952
1864,20332.144149319625
1865,12884.743169350779
1866,31014.611555475625
1867,22789.165478310304
1868,21004.35015135701
1869,26479.40002866945
1870,16721.883308530516
1871,15822.025234956565
1872,64344.16555288006
1873,15839.726843105569
1874,11555.473742256136
1875,41810.48795227223
1876,32935.146587905736
1877,30205.48198963956
1878,25422.626656717744
1879,25059.50099391152
1880,26475.418191507088
1881,23499.341642768966
1882,19865.923479788966
1883,26984.003685664713
1884,26080.345458343072
1885,25680.63228143996
1886,13175.636651080427
1887,24416.35617438182
1888,20123.162320275598
1889,22920.90146694966
1890,26688.48050591177
1891,22986.56708151183
1892,12380.55080162115
1893,34670.156596191984
1894,27824.225030217414
1895,18851.656821785837
1896,36712.19016844625
1897,26548.524274730316
1898,20304.419288229088
1899,23051.50209499435
1900,23836.245467376248
1901,15160.916611400306
1902,26249.97958698195
1903,17158.951009305718
1904,16101.636728743862
1905,22259.139549541225
1906,22232.899505895097
1907,20469.164748201732
1908,20110.448831721966
1909,-4404.1761785242015
1910,19575.734059232083
1911,19591.973027048676
1912,27846.429525181025
1913,20791.24864635331
1914,23157.803839938948
1915,20008.607895973466
1916,12485.593668290712
1917,24547.762793991424
1918,20415.29374116524
1919,48133.31471418367
1920,18266.799656145162
1921,21260.48953751855
1922,34464.005127575576
1923,20271.046072220437
1924,18507.002702962207
1925,39942.27925749389
1926,15352.297932715224
1927,11444.003984141094
1928,25270.088295154303
1929,23843.29569700488
1930,23185.791885739058
1931,36410.15744968738
1932,22799.60820965706
1933,24192.939611714562
1934,25433.016952922913
1935,430.32083490914374
1936,20843.960949423104
1937,22491.230034877903
1938,22650.51365452154
1939,20147.89768444311
1940,40660.33367617296
1941,28039.082702042055
1942,21850.216828708664
1943,25757.107008304185
1944,16353.731400359688
1945,49395.193099861564
1946,14785.095378097343
1947,17193.76705602643
1948,17137.89684267245
1949,18024.920748900433
1950,21362.044245344616
1951,16487.55005013422
1952,22364.924809164753
1953,28304.64960213373
1954,24449.922568193913
1955,19196.705561000374
1956,17379.50386588963
1957,25293.304936406428
1958,50769.00958768741
1959,14586.943606730314
1960,28180.74230112852
1961,29974.199294545113
1962,27976.02124899333
1963,18316.974409629394
1964,32375.18395565312
1965,27927.30932379094
1966,22886.939774848186
1967,54126.3586858139
1968,37062.13428115142
1969,29137.55351765622
1970,38065.76238619731
1971,20588.163100891543
1972,30568.71346602205
1973,19549.989883001133
1974,25500.34287954063
1975,22470.771836853473
1976,16426.246388102198
1977,12600.186166703854
1978,38829.90675863018
1979,26741.702132699476
1980,15000.432930955723
1981,24706.689585709617
1982,84812.14116894748
1983,19180.635626904354
1984,26155.4959696618
1985,20280.028457766603
1986,16504.644178865394
1987,34009.261698203896
1988,23742.066715268593
1989,19227.39891066681
1990,22589.628041075677
1991,24063.303806519703
1992,34806.043083619916
1993,13024.699660317372
1994,37672.93552107669
1995,20102.718635221143
1996,12208.663373227913
1997,23420.535246941614
1998,25282.916745335555
1999,18128.667607640276
2000,32411.54023561779
2001,23148.150930241347
2002,16932.61831785854
2003,56986.10046670903
2004,8425.083185027925
2005,24980.70006023944
2006,25828.93131063439
2007,40021.73075427036
2008,43249.37029391648
2009,30604.983750545536
2010,31436.962558282128
2011,26098.652804891797
2012,18263.546070858898
2013,14012.492677179587
2014,46419.510154895004
2015,36478.70976922987
2016,14636.873087700009
2017,18707.152632450296
2018,32003.21685477656
2019,13086.860541649708
2020,21098.972246312573
2021,44971.133121761035
2022,52627.616573296604
2023,27878.439120051153
2024,72058.19296380911
2025,17162.989208841263
2026,19011.143022196913
2027,14405.68783954616
2028,19636.984376120272
2029,18759.734508993763
2030,13496.700044642215
2031,16441.46131744623
2032,36737.82707135237
2033,21730.46012210027
2034,14990.2826100878
2035,15512.651556136527
2036,44435.01499649783
2037,11241.725154984328
2038,21999.706749781144
2039,17342.214142891593
2040,40458.73211859081
2041,37082.02990556581
2042,26020.442298231625
2043,17616.96389984446
2044,28304.54411536402
2045,13623.46657557592
2046,37892.6007069796
2047,22342.627765674933
2048,12662.004023291975
2049,22377.82423340924
2050,20550.09709107202
2051,17988.5620217423
2052,24526.595426988286
2053,16566.657225159455
2054,24192.939611714562
2055,20593.988550234724
2056,22534.848269433147
2057,8695.934547475317
2058,34828.97119996224
2059,28483.0541470748
2060,35901.88621609349
2061,16684.077553444393
2062,35334.65464149894
2063,40255.02691893306
2064,25336.05158686743
2065,62347.14494362862
2066,84867.58637104947
2067,70266.66962190301
2068,26989.985575398085
2069,17180.90401628057
2070,26849.809945716916
2071,36201.80425792674
2072,41626.48546287352
2073,23758.276388970455
2074,19988.008358167284
2075,23978.717397220928
2076,13931.324310173246
2077,26389.940656949846
2078,14090.705494565604
2079,22762.523909951247
2080,24379.234603499342
2081,22081.712755277287
2082,15304.07342173705
2083,33348.616082755914
2084,16040.38302249469
2085,27894.524518755752
2086,25803.17848593321
2087,22766.987049605304
2088,19792.529951510114
2089,26475.403857443278
2090,22747.8781032071
2091,39937.929505822256
2092,18526.25964080455
2093,24732.9684600703
2094,20599.39523278847
2095,24108.470338427363
2096,19415.82656904313
2097,17576.79328997976
2098,29924.57487512869
2099,18461.436505354766
2100,23452.332840513136
2101,26800.573809677895
2102,11563.785791404067
2103,11885.863403623938
2104,47388.08426778158
2105,12145.282992985434
2106,19084.95173745136
2107,21615.16267864209
2108,19589.05425902707
2109,13972.17851135501
2110,18223.07802364872
2111,37843.66003587097
2112,27621.713383214425
2113,15378.328589948133
2114,30921.786935404456
2115,24261.40951465344
2116,39429.32455398853
2117,20318.559506332014
2118,29184.231145211248
2119,19170.803974683076
2120,23334.95016772565
2121,17420.82218316248
2122,31080.006395167467
2123,31328.270750570962
2124,7126.475388434337
2125,25399.19555225219
2126,17585.893421319408
2127,24200.392773053554
2128,22507.655222130135
2129,15987.297081453306
2130,26598.574136872252
2131,19253.278772908263
2132,18726.90749150017
2133,21194.447972458074
2134,25508.737452086825
2135,7028.688834082142
2136,22405.637564470995
2137,23751.121149100258
2138,12787.365145652264
2139,26532.009977618476
2140,28487.014666988165
2141,19322.01579437918
2142,30667.89931501886
2143,17594.875456082646
2144,30089.7195692127
2145,18479.01621416823
2146,16505.20986157194
2147,40686.36531459327
2148,25948.51081316361
2149,19729.75288358923
2150,20040.75911513385
2151,19903.257948429564
2152,24434.25607144603
2153,17965.38265583388
2154,17768.773184811784
2155,11345.478601037332
2156,17058.80038293143
2157,43184.13443732694
2158,44601.90462409535
2159,38465.60436777469
2160,19903.783795995827
2161,17513.208715779503
2162,9827.545800132895
2163,24045.362065344714
2164,2578.864011867754
2165,26127.5589719367
2166,32949.60292362687
2167,56382.97851420475
2168,25944.503931323034
2169,31326.37199039454
2170,36544.69832437769
2171,27531.793550921702
2172,9872.146284543338
2173,21782.40992122568
2174,20517.54666265258
2175,20917.042485539037
2176,23226.56301390697
2177,15222.4745167779
2178,31591.565159022815
2179,49268.21608221187
2180,16691.640054446656
2181,20627.51580562973
2182,26192.92030960635
2183,27689.009591746846
2184,26532.009977618476
2185,35805.93036826097
2186,27461.52208199625
2187,25278.683798263384
2188,21615.14777149052
2189,38831.94999714588
2190,28440.29516391087
2191,48320.25899640817
2192,9710.459373592326
2193,19076.05847276793
2194,16803.43454544647
2195,12580.262626160787
2196,26734.63536162131
2197,8651.020024766938
2198,12699.259624168959
2199,30027.45106026376
2200,20834.36613064363
2201,48531.80402803648
2202,29092.468452412206
2203,25425.353886808207
2204,29510.441916025473
2205,25091.759532364696
2206,29969.654825013382
2207,16819.63623875385
2208,20558.580254014334
2209,22733.726393501453
2210,27326.836428566312
2211,38172.82137929642
2212,38324.55850022746
2213,22231.11732850135
2214,14714.4789521159
2215,15540.813388127284
2216,19856.942319570437
2217,15544.709317699497
2218,14140.28813334827
2219,13204.77978047492
2220,28849.10191954943
2221,14486.998374321087
2222,31494.959700403833
2223,18011.24277372653
2224,47806.372607524
2225,33222.8293300053
2226,29057.18336456323
2227,41003.88355141254
2228,22897.28990300862
2229,26893.08533299371
2230,10348.729907169403
2231,13015.383302479402
2232,13772.756956263614
2233,26274.325135915882
2234,15818.373023631353
2235,18940.0541217187
2236,18394.373076438016
2237,31086.50877352999
2238,11522.993561403597
2239,22099.88640849043
2240,16213.217471993325
2241,24026.137380771237
2242,24310.744243095687
2243,20812.791220809857
2244,24501.763955590137
2245,39877.74142328542
2246,14796.909618121148
2247,16608.89015245845
2248,23123.271669696624
2249,13448.465139383796
2250,27109.849011773666
2251,28869.49934002419
2252,40673.91683445376
2253,28033.145354325818
2254,21655.773888712945
2255,17911.888686038266
2256,29059.585622248742
2257,17928.645406183732
2258,7614.5429684760675
2259,15870.1278096258
2260,11942.395528497002
2261,28105.918114259344
2262,22342.036433523128
2263,13630.096138467883
2264,24460.572161909884
2265,21356.474969793377
2266,26739.809619780586
2267,34143.9216765218
2268,26198.7210897695
2269,15302.00619106914
2270,22543.164500867148
2271,24192.939611714562
2272,15908.07628298367
2273,23090.633492823523
2274,27815.926715057525
2275,16911.919433905772
2276,20588.163100891543
2277,13536.202396565212
2278,17826.538858066364
2279,10022.109761565556
2280,39222.667587400174
2281,25610.99715539169
2282,24348.545428254078
2283,23714.502474703255
2284,22021.591943622556
2285,14489.703277707526
2286,51178.974396350364
2287,15956.67186353493
2288,29756.78283446427
2289,16255.340002118151
2290,20076.524094340777
2291,49486.894344438086
2292,31942.647896307437
2293,18827.617348330095
2294,19145.3678317479
2295,26235.306619616786
2296,22693.042922062872
2297,26181.258891980728
2298,28263.66955272697
2299,17875.507585191557
2300,15439.40525159231
2301,17788.464970063756
2302,24336.242946447892
2303,23188.022680792074
2304,30845.06567792028
2305,21369.015532698017
2306,23647.994827770457
2307,12672.350093907413
2308,20103.27180980095
2309,25469.933956786088
2310,17633.511256710226
2311,18696.182402902974
2312,29427.713977123203
2313,12700.621545367216
2314,25642.12330629349
2315,24605.65169693825
2316,22221.977012556647
2317,22664.334937904434
2318,29705.25868453954
2319,19506.403095724054
2320,24421.92870665458
2321,28285.083389603402
2322,9853.601234113099
2323,14312.25874217563
2324,18433.05201742454
2325,30464.869950694596
2326,27884.844302036174
2327,23978.717397220928
2328,22423.227445645367
2329,23909.908437635684
2330,21499.871866629874
2331,28048.450133811944
2332,19655.215656421336
2333,38049.44313974278
2334,10037.057391139297
2335,20175.49242410178
2336,27291.936685811634
2337,19989.499862511155
2338,17264.02436091798
2339,54139.37493425441
2340,30040.224482360652
2341,21278.179850795765
2342,20933.623284509897
2343,67105.45751028018
2344,18184.3043665132
2345,63604.08517003375
2346,22001.549838784074
2347,25392.36057341436
2348,24256.089117686523
2349,49819.9785069019
2350,23403.007346682534
2351,19992.08539967577
2352,29025.495284272238
2353,26680.814234446072
2354,36431.40530900232
2355,65406.63580709828
2356,12542.406470026302
2357,14873.902220204816
2358,25719.952710655212
2359,24931.160912503434
2360,17412.794591396014
2361,19973.730526915806
2362,14125.244861818457
2363,13655.200076653146
2364,21611.35709726724
2365,16823.310774149144
2366,17032.28080164186
2367,25780.796166071574
2368,18322.775190828153
2369,40805.50918673843
2370,22487.121999482682
2371,22628.386831509542
2372,31163.089699545544
2373,18792.02246334278
2374,23684.161362311293
2375,27914.078529314767
2376,22084.016921487913
2377,30246.092335995774
2378,20579.537847122134
2379,18729.935638341543
2380,12035.764415388085
2381,27475.389121339475
2382,19919.13441864952
2383,20062.3903684557
2384,19702.45586536368
2385,18760.699941301507
2386,32162.160733316203
2387,18095.899721019177
2388,27025.254384487722
2389,27080.62014519319
2390,10586.299812842892
2391,26337.510508278
2392,24354.53895003192
2393,26008.268553676036
2394,19596.425662891368
2395,40115.77145289234
2396,24505.762629368415
2397,25501.252068212576
2398,26645.767533805272
2399,20223.137021368897
2400,29802.56023377113
2401,13067.554612035812
2402,21101.054210397593
2403,22196.551790116653
2404,14093.825515109378
2405,51051.338082864044
2406,14590.78918675955
2407,25258.10087002049
2408,16290.664225596214
2409,17491.457840165196
2410,14600.020803159336
2411,22669.718312351004
2412,27778.712814600636
2413,30255.645264474253
2414,15909.731283813318
2415,54126.78032034924
2416,27490.14583498148
2417,17262.302970510405
2418,48301.72598929831
2419,17798.31687282146
2420,14657.03656413973
2421,15479.6250888023
2422,21695.703607957177
2423,15189.073827887853
2424,27489.37656228718
2425,26980.978822282537
2426,25698.116189169086
2427,29235.86518614769
2428,17489.38787804172
2429,18021.815380355874
2430,26457.600023672694
2431,54071.41035179537
2432,24192.939611714562
2433,29851.792246758167
2434,26491.19607494484
2435,15492.06467488771
2436,18573.287022673074
2437,52901.66414581108
2438,29067.487384668428
2439,36180.06814556067
2440,24956.81684809499
2441,26205.97975179887
2442,26125.165991657384
2443,36386.32071969006
2444,23910.057037583723
2445,26032.266663471077
2446,17295.100668203773
2447,14621.749284611784
2448,19829.394397964337
2449,23346.00838296423
2450,24776.928316211855
2451,22953.90727683276
2452,19521.58781036745
2453,12723.748646564498
2454,6907.578691403538
2455,29165.40758638224
2456,35767.74937661845
2457,26489.20161083866
2458,46302.11410305742
2459,16269.975873591688
2460,22142.359753900113
2461,32487.452858432327
2462,13420.682544423405
2463,37613.16044649185
2464,31432.593180803193
2465,25178.122171934727
2466,17215.504625558642
2467,11162.78963911048
2468,24124.572273377707
2469,10599.424164269538
2470,10138.497068512668
2471,38624.29765824843
2472,20523.959302613603
2473,25867.257095504003
2474,29614.314184225004
2475,26426.60342064635
2476,17206.879487044094
2477,31621.10959611197
2478,20167.200755036596
2479,15055.782943068101
2480,24895.627985017825
2481,14790.257062115872
2482,15181.890118169296
2483,18267.508409824157
2484,15616.457123208933
2485,8402.173195716001
2486,18464.739479821423
2487,18743.16925583151
2488,35348.760341198154
2489,15253.254688849607
2490,25077.727104637634
2491,17386.458894806885
2492,27358.04496289396
2493,27231.708451759936
2494,14766.841090540893
2495,28382.92536993941
2496,12894.070484061758
2497,23127.33735937017
2498,19256.49045677416
2499,17870.40863679352
2500,25733.58098297568
2501,21842.154607083532
2502,26236.57159133691
2503,36403.2240306366
2504,35862.09712737439
2505,25679.27331136694
2506,23297.56095089858
2507,7411.340739188869
2508,17290.661074555883
2509,22640.80235913006
2510,35815.42140867331
2511,24350.11137086598
2512,25833.226696198435
2513,15004.131616670024
2514,13780.976483971268
2515,12892.599970803629
2516,19601.476583072443
2517,19041.92961948779
2518,63387.27584799123
2519,21339.63910283817
2520,65043.01829185433
2521,22428.302313746914
2522,8599.706036410611
2523,37942.62119227707
2524,20711.73563775688
2525,22553.698850247732
2526,21393.167506317735
2527,25989.91620888158
2528,17726.940650422213
2529,23193.426810229783
2530,27514.419547915295
2531,21800.198537110722
2532,21328.3582078582
2533,31621.10959611197
2534,17588.48633462133
2535,23358.213356352837
2536,39615.64286859779
2537,32345.866463882354
2538,15494.165843859495
2539,21589.009724323183
2540,40657.951319941945
2541,16832.27052322935
2542,37015.65263001577
2543,25220.554811432172
2544,19601.032296385754
2545,30599.214875788126
2546,27569.93789782466
2547,15862.708614474648
2548,24662.971307092783
2549,20508.970417984427
2550,46865.01293012403
2551,44116.38572063137
2552,23040.45583682177
2553,23038.644704650575
2554,14074.033663244896
2555,27594.769218077286
2556,23188.022680792074
2557,17311.757404335083
2558,15904.647280337693
2559,26357.859969385194
2560,14198.969141667343
2561,15026.610586191153
2562,15790.07754593707
2563,26926.787533004666
2564,20216.672509274806
2565,34759.54091070735
2566,19436.692754298274
2567,29235.86518614769
2568,23864.167780630036
2569,19623.716535771495
2570,25242.731291677148
2571,10195.05843395277
2572,25107.407398757612
2573,24820.532686984534
2574,24018.21356508587
2575,13307.72867516826
2576,29633.002465948135
2577,24174.122429390663
2578,18047.91640740654
2579,24796.63889202803
2580,27037.60626501309
2581,17264.292194078946
2582,36719.479375433
2583,77390.44357220264
2584,26852.248614765744
2585,24888.744581682713
2586,23892.354836345377
2587,22893.541984261166
2588,26467.507146873257
2589,36756.94473714463
2590,20185.11130206704
2591,15347.986498850298
2592,14839.564637616679
2593,26888.655788844815
2594,23137.15639749227
2595,28581.384879772057
2596,22446.920303400242
2597,12000.786457036727
2598,12153.87783885315
2599,9712.609246798485
2600,11142.605302776494
2601,16186.231567824485
2602,21495.456747433396
2603,19031.3879093125
2604,23027.283878168833
2605,22235.162880392123
2606,19758.852964903475
2607,12630.239214573772
2608,20178.98541818156
2609,26547.810113406216
2610,25628.79026732917
2611,15019.558506503172
2612,50766.03559393952
2613,15682.027914287202
2614,18825.6345891269
2615,22667.188530085383
2616,55193.9258087581
2617,17674.405388383748
2618,21669.618025899013
2619,39055.55354308506
2620,22525.16592195975
2621,19784.21731098859
2622,22664.306683022278
2623,19833.08371127368
